dechen_dorji, dechen_dorji@gmail.com
deki_tshomo, deki_tshomo@gmail.com
dorji_tshering, dorji_tshering@gmail.com
dorji_wangmo, dorji_wangmo@gmail.com
gem_tshering_lepcha, gem_tshering_lepcha@gmail.com
jigme_dorji, jigme_dorji@gmail.com
kinley_cheki, kinley_cheki@gmail.com
kinley_wangmo, kinley_wangmo@gmail.com
ngawang_dema_karpo, ngawang_dema_karpo@gmail.com
roshan_chhetri, roshan_chhetri@gmail.com
sonam_tenzin, sonam_tenzin@gmail.com
sonam_tobgay, sonam_tobgay@gmail.com
sonam_yangden, sonam_yangden@gmail.com
tandin_om, tandin_om@gmail.com
tandin_wangchuk, tandin_wangchuk@gmail.com
tashi_om, tashi_om@gmail.com
tenday_zangmo, tenday_zangmo@gmail.com
tshering_pem, tshering_pem@gmail.com
ugyen_phurpa, ugyen_phurpa@gmail.com
marmitt, marmitt@gmail.com
